x1,x2,y
-0.372949085629872,-0.39091236217535563,1
-0.9514115553976691,0.054975088344826326,0
0.4650378794385619,-1.086006445201795,0
-0.2703571483091154,-0.4392743798248506,1
-0.4277764231472789,-0.2456823393510854,1
0.31271561334888476,-0.5564520118872174,1
0.7550984156452614,0.6454987655019392,0
0.14359998637027027,0.9287195636668739,0
-0.08305732090512967,1.0431476742471917,0
0.23671411746151982,-0.9232422241855275,0
-0.970691813280831,0.2715579929414212,0
-0.23721659984379748,0.19454812844363656,1
0.48403372439962095,-0.9482691427832273,0
0.15418052800540877,0.2469024668640347,1
0.4463357716145444,0.2099325849021883,1
0.4844122057114758,0.6178357553128885,1
-0.24034219566770243,0.924455197874415,0
-0.45229775602791167,-0.8165363261806312,0
-0.5962865936060756,-0.35914671824902233,1
0.524694756680027,0.7431692081245774,0
0.4085582804998942,0.21936335332725698,1
0.01115225218398364,1.0158510656930975,0
0.1925305708643368,-0.34944293129105475,1
0.5960178523344217,-0.35554436383768134,1
0.30091485436637566,-0.1806182182259893,1
-0.49674925790214336,0.02027288423113146,1
0.6240737515318099,-0.9419905153761864,0
-0.24262469462775588,-0.2942919454107475,1
0.49155609290266866,0.841261883399976,0
0.8904608239733481,-0.5240480243794096,0
-0.12006175772207642,-0.36624185101292034,1
-0.018209422726229565,-0.452437840955115,1
-0.4100600676529498,0.05135450470301858,1
-0.41291605529751546,-0.3006626179661513,1
0.7752549199476098,0.4891198079557073,0
0.3495751409977078,-0.3841290866821585,1
0.37080767573902673,-0.1829156170785898,1
0.10473487143000675,-0.4198618046421989,1
-0.8167343645609307,-0.46427806816149236,0
0.4054003882284327,-0.2470583614758663,1
-0.24260659747541616,-0.3401810370043805,1
-0.5827085578676667,-0.673332831181223,0
0.1023548518817859,-0.5481203600698494,1
-0.28410487855750743,-0.1486871817997949,1
-0.44244846688171646,-0.9657898522118618,0
1.0064353426652752,-0.43230272958468546,0
0.19589734903164496,0.43860242128185006,1
0.7252085516313999,0.6697493545272486,0
-1.1182270951114308,-0.1381286566971255,0
-1.1180468544571198,-0.5496976138993419,0
-0.6031430612509177,-0.14327988771685674,1
-0.34008278637875183,1.1874444993288313,0
0.3468953458333562,0.4512890120120565,1
-0.6736140152987437,0.7429993960934874,0
-0.1754688254213697,-0.5064170015095767,1
-1.0101806078107392,-0.07688872781564295,0
-1.022968419517209,0.4469569194493072,0
-0.7823181581827542,-0.5245123224382195,0
-0.05502790647313608,-0.9419149529297217,0
0.2944699838156808,1.006738057911162,0
-0.8191469538903894,0.10949836248443198,0
0.14111377298712902,1.1333894936821112,0
0.6248131848674735,-0.5814254306537244,0
0.628006445917237,0.48466429885014284,0
-0.4550113375432939,-0.9678632093943014,0
0.7225678974627983,-0.7398874518471936,0
0.8879607024668483,-0.3850459801668792,0
0.12484008017158185,1.0698916963748069,0
0.6026590169644535,0.06887434123060028,1
-0.4671052347591002,0.1813326369959741,1
0.11095060323531492,-0.9100584560445598,0
-0.43796886215008113,-0.11637391993419624,1
0.14147364672383259,-0.5855732312558721,1
0.2495796974567776,0.44028598905579946,1
-0.22185809454993802,0.4233079388285257,1
0.4207916352211678,0.8875957100346158,0
1.0665504582220036,-0.13977584822241446,0
0.897891180785565,-0.47169283485886476,0
-0.34041407042276783,0.7721418208516151,0
0.4505420456750985,0.12671916568650807,1
-0.8903652916551552,0.26482981983233633,0
1.0380125310480917,0.12471017200163922,0
0.877170574742584,0.5209011439604773,0
0.9183517749895921,-0.4831093778543282,0
0.20206782440413762,-0.9035449369128772,0
0.5209653836820292,-0.8916887733152133,0
0.8279476043125247,-0.6712347547362841,0
0.07347783760124803,-1.0179384757145569,0
0.5869366570852604,-0.21219246373469314,1
-0.1223353266969086,0.376183442999885,1
-0.20602523759351055,-0.8288983090122073,0
-0.12475618463858751,-0.4188449483383155,1
-0.22468663840405348,0.5256133329185559,1
0.482046766373516,0.44328420018631476,1
0.3768722025209355,-0.4580237727568938,1
-0.5237687544683137,-0.01646793286909401,1
0.008725360040259214,0.6968274471682994,1
0.400542779124426,0.2914105701224618,1
-0.29173152392931034,-0.453235370006525,1
-0.841969862989324,0.4930474268729288,0
-0.18199963887088477,0.9261407125849053,0
0.5864855316607589,0.7943898351404957,0
-0.13939929915789365,0.6357198056862405,1
0.40774117084114714,0.98526860214253,0
-0.000678853219335307,-0.3811242625875848,1
-0.7074201064459263,-0.8101392393653366,0
-0.8644573624775465,0.6353695238698422,0
0.3183586094546773,0.9184127586149677,0
1.0267647334376258,0.3787631951423618,0
0.05907146304099678,0.7813171492794242,0
0.8890159235372453,0.4666375945222319,0
-0.4338114788431181,0.35502386977786554,1
0.36025465758433356,-0.9288237195799178,0
0.3797669464870794,0.05361055965818394,1
-0.47651190875491134,-0.81064698139055,0
1.08458101826198,-0.15493317403021836,0
0.9555137828624907,0.017336730485447926,0
-0.15359133847561252,1.0376575988788876,0
0.7987661011513673,0.607097738900399,0
0.490752658541501,0.03601047903866261,1
0.21146353820315694,0.44512189829083454,1
0.5600558215385214,-0.09062356754493209,1
-0.7860663789595037,-0.6499887018480709,0
0.4702547824636169,0.5760097449897382,1
0.4173682855858697,0.4734037430097585,1
-0.2610022261343806,-0.5730907823228438,1
-0.38120008870075833,-0.13371210887319718,1
-0.8426976795644183,-0.06261713884389711,0
0.03162512548526114,0.8097198689639281,0
0.5976073127108852,0.38087683615999807,1
0.22310934119605225,0.486807297384525,1
-0.848878937450336,-0.26559545486420677,0
0.7429641767803083,-0.741798323340368,0
-0.41585236606727183,-0.8658132552456369,0
0.010106194664052305,0.37891558833299815,1
0.5237084149956969,-0.8529952466849114,0
-0.18199270853060587,-1.0268369252984983,0
0.5795145282643264,-0.03529134720134592,1
0.21822537852201224,0.5666921929310655,1
-0.768846004854094,0.7050545703457866,0
0.5956960577103886,0.8329446957415386,0
0.3283300878760793,0.3526223016554878,1
0.33940699754041886,0.46421751744137246,1
0.6118213609844634,0.14389008122731817,1
0.44586714121573956,0.21385930901126693,1
0.25983807730891084,0.3756381270798941,1
-0.07774978444660938,0.4702664433456829,1
-0.5965564837849624,0.11298708280847945,1
-0.40793222935176165,0.32065581233773616,1
-0.07127693047053127,-0.5174338444524467,1
0.08946835533171554,-0.39231094959806856,1
-0.3965542645695533,0.07018717739827277,1
-0.2679872875161246,-0.838225605727634,0
0.5333294737653673,-0.7445410961654685,0
0.20517754898662258,0.9541279881681727,0
-0.055378317750578665,1.007191466398657,0
-0.07849977318643261,1.2059485303253021,0
0.21588058535695842,0.21485974611468156,1
-0.39560413862372945,0.8769450694045455,0
-0.6089842814490068,0.6993035252507898,0
0.31924113495290785,0.5423709648128564,1
-0.4402845154667552,-1.0848205121709036,0
-0.5243688914093372,-0.128090915430008,1
0.1651111482320582,0.9866879694285149,0
-0.9352470464679202,-0.2664630573753323,0
-0.7641075706577012,0.8293308024534821,0
0.8731947233439739,0.3552030154432842,0
-0.7089822255219416,0.9249143772367564,0
0.4023451894462641,-0.8733037787574214,0
-0.3237432797559598,0.9485141123671789,0
0.5843167012371141,0.8892957848468072,0
-0.22295893966454985,-0.4306221520987654,1
-0.04788680690098754,-0.8999945023365056,0
-1.1132471675014426,-0.21134369917821816,0
-0.2549894625726504,-0.5317483255750917,1
-0.007087265369616819,-0.33111246243577586,1
-0.7537595232046586,0.3891813511303121,0
0.48791505567667975,0.9679265394602372,0
-1.0534393719590822,-0.5023055203257765,0
0.25270577504128616,0.5834882806836518,1
-0.39168238198572447,-0.3506735569379559,1
-0.34874359574686326,0.19784467602365446,1
-1.0538542517706857,0.1686555580441399,0
-0.21500642570514117,-0.8880636668719799,0
-0.32420513066171813,-0.9561886134163794,0
-0.707108004989939,-0.28731059876206566,0
-0.5503798328824773,-0.6697284607995438,0
0.9879617850153917,-0.21892546050339498,0
0.015988226392355975,0.5194171076550886,1
0.4074397655042661,-0.06317444172875006,1
0.8902506273475611,0.5775682209819957,0
-0.32188587021259285,-0.2683238755573352,1
0.16107320222916932,-0.5965770220227703,1
0.023565641420034922,-0.9141008374315835,0
-1.0085450931205244,-0.5268777882174134,0
-0.7204924713646274,-0.7901254221878388,0
-0.9150335347975893,-0.3813399042825391,0
0.2071823424504846,0.2790762721818232,1
-0.27418821005288474,0.9649349315502702,0
0.7847788573622939,-0.4566875702524318,0
-0.4146734001286488,-0.41458069232370454,1
0.3294262937580369,-0.23892252643525852,1
-0.8788737216291012,-0.17072511154220285,0
-0.11721181350094063,-0.5773917013912232,1
-0.21150735244818225,-1.0450966465669111,0
-0.5704165603771054,0.5733759845757078,0
0.5329228109703443,-0.7332583275873616,0
-0.9399300555757172,0.05418857101389895,0
0.5028276437545944,-0.02776836273104548,1
-0.2537846969819517,0.4224275186691602,1
-0.23021918241293532,0.23933577101351342,1
0.8455583835909545,-0.25513118533974355,0
0.5582052764031648,0.03431196581627563,1
-0.5424084118873853,-0.9422677265134275,0
0.33209558992687443,1.0259259243256658,0
-0.4571392512456999,-0.659398795189222,0
0.3438944001271344,0.4183641056587614,1
-0.36910186160251085,-0.51657737401846,1
0.5284926370753985,0.839927958913395,0
0.2897320993025264,-1.0237452062406003,0
0.29467164187471595,-0.3537691415210829,1
-0.06362022105239984,-0.9873318156659666,0
0.7377048208272731,0.5509057578303077,0
-0.9123772815347503,0.041465035845321796,0
0.14056339479609253,0.46443649762717043,1
0.19223721924321896,0.3638699785963077,1
0.19312606667849722,-0.06636679269148199,1
0.3967016203657263,0.19981353909632787,1
0.6109716596526321,0.6102678197795008,0
-0.17807700172244673,-0.9408719867630241,0
0.31759141533620294,-0.21108744552559378,1
-0.1102279171561647,0.9086497492138614,0
-0.6686716964389978,-0.8126698239976418,0
-0.4541140981904266,-0.23693676477856668,1
0.48570498108618904,-0.28222457687354324,1
0.41371138179511296,-0.329202645715897,1
-0.9167583901872379,-0.41467193592565593,0
-0.09900317956921298,-0.3159385584247175,1
0.477077255657158,-0.15691812105011166,1
-0.03595833567725382,-0.5961822794422741,1
-0.35274501125463076,0.2832524987108549,1
-0.16280270844915698,-0.4158056839953772,1
0.5312957175757014,-0.11788666652177755,1
0.446249490227706,-0.05415130275555256,1
0.8129445478759016,-0.09570747648896857,0
0.6763802971420843,0.5702798826274671,0
-0.5693423480814434,0.8126238115426822,0
0.5562841488534565,-0.8320787015714725,0
-0.4247642251750605,-0.04272492244236749,1
-0.22343511743965166,0.24988650958513142,1
-0.24638477417757504,0.42381639485852923,1
0.498921559396019,-0.7362587009818564,0
-0.6932555038626038,0.7744031487706106,0
0.4179580294134396,0.18080779385076617,1
0.43622337204145056,0.342371256438215,1
-0.9657883413726807,-0.5750625294265475,0
-0.9655630838387862,0.1785596186948467,0
-0.005044785487566289,-1.0618472619174257,0
-0.465545057209796,0.9680790821814553,0
-0.2046424476732502,-0.8126538381988835,0
-0.36155544604935863,-0.17096235361310386,1
0.2742405710409497,0.8627553581791664,0
0.4660331547844445,0.39261606661013815,1
0.9743199326938962,-0.2676447113432267,0
-0.41232081554727695,-0.13665761766992687,1
0.07976674384997884,-0.5104354280753637,1
-0.49571141890855897,0.14043416945099543,1
-0.29588476092767735,-0.8791446274934527,0
0.2966652106144895,-1.0457030738705968,0
-0.6047652408238551,0.3318419479868735,1
0.4569933095222706,0.041497812782253174,1
0.44227476055417025,0.7064691126580119,0
-0.06155419837303347,-0.4761244953787918,1
-0.3571018491593919,-0.292829995111271,1
0.10501992083766326,-0.8283162131220355,0
0.1024307520055089,0.9944020762198054,0
-1.0758047061057943,-0.23929592506499353,0
-0.06083089145684821,0.36037763162276204,1
0.8649802738731015,0.6303447279756771,0
0.0645686736125996,-0.5100788430997784,1
-0.18490011310291976,-0.569935336976322,1
-0.027291554172198307,-0.5342832674969304,1
0.36255910353270276,0.3844581536996089,1
1.160517500829584,-0.1710027180239639,0
-1.050253190298148,0.00998960785091408,0
0.6155877118150169,0.7631534149388296,0
0.6978544849257149,0.6388556596632868,0
0.4945175361689245,-0.060390696643053215,1
-0.08209919186222536,-1.0537178737565267,0
-0.3786622596706505,0.4770533091394344,1
0.8048425556974625,0.76586894343881,0
0.3322729003806904,0.993660319466093,0
-0.7916878838801846,0.7261516726617763,0
-0.6055326015248351,0.007997191907146567,1
-0.05664869164412176,-0.3385792395896063,1
0.3996008569909222,0.7448733761273116,0
-0.4860993512726735,0.4646732960498337,1
-0.5217047171806988,0.41915306131464697,1
-0.6680281746711478,-0.2241573769160078,1
0.6932854951392987,-0.7372949281293089,0
0.7771765273860893,0.20924185443998572,0
0.622417761778636,0.575719128430864,0
-0.6769065113056639,0.5733457627279874,0
0.07414909702399108,1.052135133349826,0
-0.8415058892275507,-0.07685423096553587,0
-0.8211530345504097,-0.6023381904721358,0
-0.6682648700070581,-0.1964600319905452,1
-0.315886355230756,0.49690286695155794,1
-0.1777957676878984,-1.0419630536986797,0
0.3920066264443617,-0.24598902193214542,1
-0.06625034831033413,0.6661204183653774,1
0.04358600245701677,-0.42176003165439374,1
0.10628941544708649,-0.6801823936420125,1
-0.4504793270489788,-0.2882755649861882,1
-0.38563016404341477,-0.13099811041240356,1
0.6028739970357235,-0.17761328391086126,1
-0.6127501288307522,0.0341136218575395,1
-0.3459755287671447,-0.5085702382564674,1
0.7349536160048371,0.5653187847355657,0
0.48335629448350764,0.30285352683839006,1
-0.8000078076106949,-0.7140934755887224,0
0.0923631738716083,-0.5620917401558109,1
-0.16421894575711607,-0.5991596279052374,1
-0.0492602702451182,0.4900019608221798,1
0.418490562697521,0.14902647423157223,1
0.1101080690675984,-0.8142550365753188,0
0.7975296705381116,0.4795032119571245,0
-0.40017753054634053,0.14052890802712809,1
0.7157830331586845,0.7462753758873059,0
0.12342481667333587,-0.5686675968112418,1
-0.4814389612987448,-1.0096720139591817,0
-0.47669505145565383,-0.08596808897413949,1
0.5850575651670828,-0.6882976520989289,0
-0.16400785160213605,0.4652562116978382,1
0.8504918211316908,-0.6300840825234274,0
-0.9075242083652785,0.3031009098601772,0
-0.9969958256059669,0.18392305668344391,0
0.9081724911691096,-0.266117156148831,0
-0.4040196926367435,0.009840093305224895,1
-0.5166579314024737,0.773240321615112,0
0.06739024503493737,-0.21921410092813098,1
0.3456732825233515,-0.2693851153680075,1
1.0949969867358285,-0.2599288664645544,0
-0.3954562383207802,-0.3275320843241588,1
-0.3270095326323561,0.430498402055978,1
0.7681848593171023,-0.7455503930567089,0
-0.14671884853617376,0.33937778593068163,1
0.3909980682674559,-0.26785526411763616,1
-0.6134907581832492,-0.09495166555096247,1
-0.00614367335231325,1.0017544339418316,0
-0.6614108188317119,0.019018673279521656,1
-0.1296902200533041,-0.48576539181927963,1
0.6226458547229827,-0.06515335302789686,1
-0.4569378282848737,0.2682516551179106,1
-0.34526882257853675,0.295769137127661,1
-0.3647124994671117,-0.3176625064818692,1
-0.35254143443625885,-0.21152888564800698,1
0.5124420506244937,0.6661924445104993,0
0.9119953308126677,0.3450820966617254,0
-0.9184947772173615,-0.5327417678433569,0
1.0151005200734808,-0.6482109272666993,0
-1.1713527407524842,-0.47041624802837695,0
-0.5677587933583307,0.24809060000743122,1
-0.9994412615127688,-0.210822584552876,0
0.4297665637630895,0.03115764906218332,1
-0.9142407237810679,-0.6993325091802982,0
0.21823441421875658,0.27258830388743827,1
-0.20427239967739558,-0.467724883812536,1
0.2745210324300509,0.1482408603044258,1
0.10712357761916391,0.41434333583293975,1
0.4253312256090679,-0.9287480497926932,0
0.6085643863237616,0.06565990518208474,1
-0.31479172966056446,0.42186349229407777,1
0.04520135711163145,1.1294552571447518,0
0.06388766727765524,0.42160338574588735,1
0.8560330960138023,-0.3782101891020588,0
-1.140253027163213,0.35165490106569824,0
-0.39554082523711287,0.7357813079029006,0
0.9275836326304743,0.4929992238510498,0
0.33062343584561604,-1.0631433748154486,0
-0.5035341623986631,0.25332805184410134,1
-0.9204573902704131,0.5557552028115522,0
0.4367119754645304,-0.3976687556375771,1
1.0058934560030837,-0.5285993454221206,0
-0.3542011133171164,-0.4490923118336201,1
-0.1797523801423392,0.33251240845103225,1
-0.8477024142772289,0.6355485385133772,0
0.18466385733436885,0.548802059046873,1
1.0877189489404426,-0.13500155678495582,0
-0.40412622052206576,0.21841288454782223,1
-0.4404564791270611,-0.40105264705905275,1
0.98600833977532,-0.23582632493016892,0
1.0433717094947585,0.21853632784936963,0
-0.48575980571530836,0.07828738386608253,1
-0.30464496265781615,-0.24768881398963563,1
0.44096728630116083,0.8059980230235584,0
0.2831490263362256,0.47477550795582035,1
-0.1564869225238676,0.3187308689630702,1
-0.4414164403133694,-0.2774145121985322,1
0.921254477488068,-0.33932441666336133,0
0.9566539528392762,-0.17065559403581343,0
0.7942089617277539,0.8131791039236187,0
-0.6261860575553645,-0.9180885299145356,0
-0.6459896987379556,-0.5987919057961095,0
0.08452460926897076,-0.5652766763316361,1
-1.0460397107086061,0.12720366122253565,0
-0.10013978057906794,-0.43956068902463186,1
-0.2972018734218458,-0.6363313819441234,1
0.41219690508295004,-0.9513376241327756,0
-0.2471050460820698,0.5786897210254984,1
-0.1835189669848024,0.3279004466602807,1
-0.507270525542487,-0.1769018590722617,1
-0.6539117830266457,-0.14023862557293637,1
0.2905301076982401,-0.2877232320700724,1
0.7878280844863178,0.7472541000539985,0
-0.10837034110187331,0.346316370728737,1
-0.09773176396885859,0.5110565021784012,1
-0.4582698285781787,0.019512805910020796,1
0.33515931676447147,-1.22641678983652,0
-0.40892167148125047,0.8126250359421248,0
-0.6085364102963475,-1.037082998019358,0
-0.6261471329578939,0.8604284448153059,0
-0.3794571118961269,0.31037646527171614,1
-0.43413679948488626,-0.11623399777313005,1
0.5676700367718975,0.3089922891245837,1
-0.4217338825953976,0.04144607587692359,1
0.34997153276169457,-0.12399579009355192,1
-0.8101096796002795,-0.19312863392160456,0
0.3520521513945005,-0.2792591167680649,1
0.1348475647138409,-0.39329806841122217,1
-0.2680715022573251,0.4970301813337813,1
0.20313370743933237,1.127945689576154,0
-0.3385277823597027,-0.24830421166468142,1
0.4395949853582186,-0.10961100001068848,1
0.2857490313174467,0.2586907864896927,1
-0.9746068812581911,-0.21388548511518163,0
1.0418695110466665,-0.04162759890169704,0
0.9021716508399994,-0.4834460714833389,0
0.3674920969738802,-0.2820345634537212,1
0.05050670405975283,0.5522040527013965,1
0.8879453022716094,0.23734540446999025,0
-0.5491904458892614,-0.314513870805832,1
-0.3722762130595116,0.8185769137439434,0
-0.10632548598421387,-0.5116652370395562,1
-0.3761180350584785,0.2919677300930772,1
-0.6526936684067087,0.6731889368362004,0
0.8478085616471792,-0.6807636919225678,0
-0.7748674135477911,-0.6892772954915307,0
-0.7864587731931134,0.5399962362455802,0
0.2802766084525646,0.5904938075229389,1
0.26459893961846076,-0.4508151842365011,1
-0.046633255939809964,-0.9246217503834836,0
0.8564942538537716,0.05241309907648424,0
-0.34211009218426097,0.09815058537391327,1
-0.26942789737250245,-0.4646564936453093,1
-0.16310453241755926,-1.039791387318132,0
0.4901803670465722,0.12070626301239329,1
-1.041657918747713,0.2370308754921589,0
0.9259336187932021,0.48500142577917316,0
-1.137088736857808,-0.2954878185522916,0
-0.6434390180386547,0.5768498775698977,0
0.9515330029814526,-0.4794885754119469,0
0.29792491391801396,-0.4514912078056191,1
0.5794566377021071,-0.17315604861618286,1
0.6549077003184218,0.7052379223103021,0
0.40084995165160814,0.05723876481831064,1
0.6424498965445534,-0.7934285234916851,0
0.762135907406509,-0.6871772719573843,0
0.1326094785472165,-0.5672415755676418,1
0.337300682622124,-0.4414612652021999,1
-0.06620316083555838,0.3784927737414664,1
-0.4694489910800962,0.3342770664937994,1
-0.11376621150863425,-0.44421391837111907,1
0.7072328696158063,-0.5953599899096274,0
0.12181017207404268,-0.4611843830534708,1
-1.1623304075726713,-0.128619025981904,0
0.6674299845196127,0.48076597523919645,0
0.3257368468824938,0.36370034148219754,1
0.4007727117934258,0.19675801017396413,1
0.3153349391375593,0.026160277892119076,1
-0.2972526471880665,-0.3270661630880243,1
0.07674796052007077,-0.4918741341948631,1
-0.04829719231126184,0.5070569008111805,1
-0.01552873596420759,0.3812168210401173,1
-0.6140730799782862,0.8113559491911632,0
-0.2719703291551269,-0.19823197585430435,1
0.40908525256814837,-0.33451024862534956,1
-0.3972159165527352,0.7368096610758307,0
-0.4351407344643621,0.7822428291096262,0
-0.4484782976873534,-0.1889748000073962,1
0.03242950864882107,0.543610134325451,1
0.4399660928747775,0.0766622010980659,1
0.23217208589092955,1.0651295548767197,0
-0.45339280726195014,0.9997610931675348,0
-0.037726635943816894,-0.5864806311254718,1
-0.8090357524822844,0.7175843554157195,0
-0.2623926721215539,0.21129258433495013,1
0.08608858848603758,-0.5160702170419765,1
0.08020140367168727,-1.0799392872830638,0
-1.0204063280781062,0.23343849714185005,0
-0.26761847685651474,-0.38134818780021,1
0.10628098839945105,-0.3871643561434458,1
-0.5179180562579113,-0.9861248285715078,0
0.8750595361997283,-0.5158575844360155,0
-0.10713275542954377,-0.4345595372431455,1
-0.06148976182400266,0.47321885419000953,1
0.32449155579780137,-0.10075900237744853,1
0.30057250332598634,0.19161893331063348,1
0.6911087381880057,0.12163853140212612,1
-0.3520849129192732,0.2450104352199826,1
-1.0213894046030256,-0.11287641330567352,0
0.6079666919343144,0.9313491583739653,0
-0.6125685005635748,-0.5613630405206566,0
-0.3721514369949585,0.48061073120179293,1
-0.2439115860371582,-0.35759793104660376,1
0.8990822051947631,0.8587973490391767,0
0.9135101529388552,-0.6473791682650822,0
0.6754043212990719,-0.09412287827428781,1
-0.4427418513334573,-0.1073856587516145,1
0.9608888888095996,0.7635226865573191,0
-0.5203757025327082,-0.824021480016285,0
0.35302351201640164,0.04430051631888102,1
0.38237899879490456,-0.14068436544043036,1
0.5447419362033603,-0.04150208823566704,1
0.8154995385264792,-0.5526398334654473,0
1.0104048193608153,0.14512221051926932,0
-0.11955797521564045,0.33637578661111045,1
-0.6260032045527666,-0.07116091461192686,1
0.40082830367004557,0.015039025595408498,1
-0.9071357790020548,0.2776027359037731,0
-0.19533438320061675,0.47678869019059655,1
-0.4248969965544948,0.8550130762310099,0
0.8196530055292754,0.6914612118264586,0
0.03494363604547254,0.3786282591349872,1
0.639546276802676,-0.7233244227802658,0
0.2800250701977452,-0.6159593954295464,1
0.9612189436661757,-0.3173157935528251,0
0.34525289275702964,-0.48580019547652087,1
0.6060652778377829,0.17557139241137099,1
0.19550576817339899,0.4227009284603083,1
-0.32595994457241695,0.44233832087190006,1
0.7505337819936958,0.3716452565340165,0
0.4168307764472111,0.39723425259124207,1
-0.7747108332037518,0.6840099446150214,0
-0.401581257117962,0.07651152935450214,1
0.9601982504031706,0.02889157866363063,0
0.3062424440025769,-0.8681985104311121,0
-0.15434015696575773,0.43388016992281797,1
-0.38764580679986327,1.1343950352477243,0
1.0160191762980586,-0.08990967539392661,0
-0.48471058600892847,0.290149184773054,1
-0.0905177509131616,-0.9699255313789524,0
-0.1438374587686389,0.4433978393495024,1
-0.9671493212189056,0.6442242509301271,0
-0.5235010071123606,0.7813230463325411,0
0.2757397073087942,-0.3037500322023046,1
-0.9192310046817481,-0.044491672363251064,0
-0.5547196409192138,1.045049269101364,0
-0.8189866964591912,0.4820580051040997,0
-0.8970884822613753,0.804718579752459,0
0.6325187939487605,0.07127648190899397,1
0.878158587841519,0.0895194947460872,0
0.5224439743055588,0.13668943234532704,1
0.6501861581164959,-0.6685395610119115,0
0.2812221985467154,-0.45898365278737696,1
0.34455142794040006,0.5068274380043817,1
-0.4918764121503895,0.1377215425568209,1
-0.8584475087401063,0.6363762188967348,0
-0.9099700344269204,-0.2090629602980925,0
0.11023798589282298,-0.38870288506538997,1
0.43256664029884656,-0.07713420611732934,1
-0.2663030209687737,-0.8164215800324156,0
0.10146568414578672,-0.4319783313039731,1
-0.8889964096724904,-0.7748597542327472,0
-0.6497397360997603,-0.08735617061909157,1
0.16159491205285859,-0.5490687985500032,1
-0.5158362430439302,-0.026335590633304085,1
0.4338525417551668,0.19767301744634413,1
0.557490762903892,-0.7429392871282982,0
-1.0086217644672313,0.13100502100311245,0
-0.8934514930235867,0.4081163865456904,0
-0.7603813279543716,-0.6942931847007158,0
0.19932597808464583,-0.9710287990689435,0
-0.19810134640884985,-1.0247870495491014,0
-0.6875650666603024,0.5198504408819664,0
-0.7418724032925059,-0.5963576656588874,0
0.8757443308639438,0.6195300210173433,0
0.38078234699776536,0.13583699129911456,1
-0.2597555191772479,-0.3827465926439898,1
-0.4524622152455088,-0.0709359755292544,1
0.8357807355429854,-0.25960251979011995,0
-0.4273409197237434,-0.3168337537188484,1
1.011150007980418,0.203096589551593,0
-0.38505146437930865,-1.070443803443214,0
0.8790101335988858,-0.5107796591133074,0
-1.0478219562749806,0.32050657748286343,0
0.15763781038412591,-0.5437343561802441,1
-0.47515742075783995,0.16900059923428945,1
-0.9063217653424175,-0.13219354299236652,0
0.45926724501272004,-0.7101792302790246,0
-0.697496391181685,0.6537022258007155,0
-0.5028557322210243,0.14292014576387296,1
0.5862545253122229,-0.21345411105675288,1
0.3289098094045548,-0.9414826613802499,0
-0.6168649330296394,0.7643742858327973,0
0.19504474440432273,0.6017542987081512,1
0.5372928873170063,0.19349638198792232,1
-0.053002147644063496,-0.5876775023763978,1
0.7836059416803185,0.4317374054931044,0
0.32290362984312493,0.316554387516148,1
-0.3699845592058945,0.31170054657071683,1
-0.9373981420009329,0.046915172067035105,0
1.0495985801461132,-0.4746420864471521,0
1.0473679916466883,0.11999142580082225,0
0.33885525267662897,-0.7913102111836832,0
0.4874409554299453,-0.21264494782939058,1
-0.17166076392670082,-0.9796558970586416,0
-0.36796382890317386,-0.39230586149264096,1
0.2997949431648172,0.3893182541608167,1
-0.3711852061783733,-0.9090045616607376,0
-1.1802915584723292,0.04696100633381575,0
-0.18586920644509908,-1.0004039833397884,0
-0.31714038610928796,-0.4359159329964362,1
1.1220092076740578,-0.19626861478050817,0
0.529969467959623,-0.9058122424343047,0
-0.8835920403026172,0.30716234605819726,0
-1.0412757935454091,-0.03625151415511086,0
0.9261570968976394,-0.2395968323410989,0
0.3522515023031862,0.2673878010984171,1
-0.3887367857464728,0.9083641683258276,0
-0.389061378087861,0.5288530736070577,1
-0.4023529270255975,0.29631680619645145,1
-0.16090252890989426,1.0992717383907953,0
0.31701268737998345,-0.8991385861814909,0
0.09536361507648827,-1.0213570627049884,0
0.2883435201566585,-1.0798240535251702,0
0.11877121470680177,-0.5087734738505135,1
0.9503119960931371,-0.35752870796482933,0
0.9663235380187488,0.29845098079194876,0
-1.018716537910232,-0.024951275563190174,0
0.2275747154697736,0.4332794088335861,1
0.5533366219125486,-0.05214083677737312,1
0.4520933736178852,-0.036752829793811254,1
-0.0589092491377672,-0.5675278969573125,1
-0.2406401815281269,-0.5389777915588536,1
-0.04406449240539678,-0.3493045157957073,1
0.6549967207528105,0.5451997912372982,0
0.025188656706442377,0.531205605305237,1
0.028461686607991657,-0.6461421640502724,1
-0.3383613561014369,-0.499363997627773,1
-0.7036642939932372,-0.6353035573265368,0
-0.6496975974997,-0.9808249264245184,0
0.12600301061360214,1.1099970241076424,0
-0.036081838617349274,-0.5340132591195582,1
-0.05516940558884452,-0.4266516918821454,1
0.8182014491179029,0.1767571962660751,0
0.08249677524079074,0.5656242227404414,1
0.18230301520902725,-0.9846264017797924,0
0.7961233337835296,0.4391561890763047,0
0.2768889197999943,0.47014603761332074,1
0.5122817829285446,-1.0475869523306973,0
0.3586019425112014,0.36389918275687255,1
-0.304091047360252,0.44494955981466,1
0.5515974640509202,-0.2859339502217911,1
-0.7107602099427228,-0.4747977768626392,0
0.5015156436297614,0.3197796026598884,1
-0.8671290404750678,-0.6804829341465777,0
0.7303601166884357,-0.25208944216546425,1
0.5872834336398403,-0.08617315207798146,1
-0.17081542157443388,0.9601672190608678,0
0.12281765651975741,1.0897133850025298,0
0.4423352478712764,-0.34560683882599896,1
0.2941209614561374,1.0900127083730906,0
-0.43385370466219453,-0.0630287340171227,1
0.08081890336597713,0.5623534071394308,1
-0.26512295688892984,0.19766498148326186,1
-1.0424913508381957,-0.2886004453812492,0
-0.38887155633830434,-0.3073663061638596,1
-0.7048731313844339,-0.5194401589753861,0
0.13412162152563517,-0.3451914880658806,1
-0.2947866951139355,-0.44283376415847914,1
-0.9856925068775617,0.10161916475004697,0
-0.48600370416616046,0.31321840709408344,1
-0.7265176555389324,-0.46765404771614677,0
-0.8208099671938288,0.2786174969567253,0
-0.8129461439285695,-0.4808605089406624,0
0.4681455067884826,-0.09410007531900665,1
0.4611873212796581,-0.7603255659852393,0
-0.23533881349951968,-0.10860599449981087,1
0.12265526817505244,-0.5778655110498588,1
-0.10478776499659237,-0.959021699841886,0
-0.5364725564580067,0.8346961333409499,0
0.4102435671907868,-0.9201335917295663,0
-0.05408310589721482,-1.0899317783605997,0
0.22762330158448962,-0.5090386585132898,1
-0.48363300986980395,0.23944864276895902,1
0.26379992962617105,-1.0456640880633412,0
0.19156409845749245,0.9521789104456063,0
0.41957843251685484,-0.14105558935640877,1
-0.39273738359985233,-0.16753197382183163,1
0.8735095966217966,-0.4477438139704998,0
-0.12317305968437443,-0.5109757548715677,1
0.005257584654212374,0.4476461584788888,1
-0.42228559823103445,0.22531091635114997,1
1.0286350019047152,0.27594302889713435,0
0.26620418248201705,-0.46093866682925894,1
0.15970006698302247,-1.1465323448347555,0
-0.958102174363536,-0.34105576393795933,0
-0.193928691204922,0.1807167578214432,1
-0.18740782945376638,0.31508299334532197,1
0.14891337228742876,-0.4814613540900737,1
-0.0946790339068287,0.503608746830994,1
-0.1292401937918492,0.5540855243727776,1
-0.17413599475593317,-1.03718912616073,0
0.8348762184429661,0.09198444542176443,0
-0.07376527297284136,0.3719309060734409,1
-0.31392721598268475,0.3668814304141927,1
0.052508712145832526,-0.23601503993987774,1
-0.30273321444942586,0.8474353192073437,0
1.1041803224791826,0.09132415706725677,0
-0.12523508582638945,-0.24722338257003618,1
-0.6164116531469117,-0.9695869213710545,0
0.43143277224355386,-0.962538829922078,0
-0.5310294675903433,-0.8359631730536313,0
-0.8922739203803325,0.038016120101212886,0
1.1687797259464636,0.14491719836191982,0
-0.11670128855446271,0.9190607149580796,0
0.42557544002765896,-0.9403279319853006,0
-0.5133460717188195,0.8818340614112801,0
-0.12397538117076838,0.6530599943889506,1
0.168127631984906,-0.4756808400541105,1
-0.5571065600840419,0.23799634538833048,1
0.8468138109682436,0.5000180796345735,0
-0.3726233620896525,0.41919110328784653,1
0.3963110249045304,-0.4963272517916849,1
-0.7520018857877918,-0.7274039769668811,0
0.486175563757263,-0.15445990970485707,1
0.47235238168377514,-0.3598219034835577,1
-0.14287147712264314,-0.9587650216332914,0
-0.17707349415632112,-0.5797440456047109,1
-0.02974525680706083,-0.9431252614111036,0
-0.6846045008697824,0.7117739912954413,0
0.6239639638119123,0.8880231706821734,0
-0.9247841313422738,0.5811792175010163,0
-1.084200656141296,-0.15263126066184587,0
0.32641789759115786,-0.7714313144971674,0
0.4383418905994131,-0.7716086060582251,0
0.008253208163716746,0.3180209333409523,1
-0.7199196033351181,-0.14383623153613975,1
0.8654440729140416,-0.028529120393009096,0
1.1097827264118534,0.10408403831724479,0
0.5319849787671735,-0.0671328480250378,1
0.3285891657114909,-0.9199222168858865,0
0.2411965815907006,0.832183341692494,0
0.6212612282814352,-0.4600152330129543,1
-0.062291393959866825,-1.190306349878162,0
0.9633348056592572,0.4695067999646597,0
-1.051655053060653,0.6076979303938317,0
-0.784311645808683,-0.7538907051761492,0
0.7633791859038921,0.43150704845839694,0
-0.8851826254083338,0.5836675784121084,0
0.31476847267507796,-0.020169469400363293,1
0.020073551872950793,0.43911635487023887,1
-0.6957845474461766,-0.5049088268713988,0
0.6309065120858204,0.14349010355949987,1
-0.04844365914116824,0.42511405791971146,1
-0.4378844564166696,-1.0336927435436638,0
0.3686147624762197,-0.9846969371522125,0
-0.6173090408646089,0.22049015496628854,1
-0.42800030715538717,1.065727154859787,0
0.5215133177557502,-0.15667456213374725,1
0.46238665683061225,-0.11740672365091115,1
-0.7806822866816736,-0.3496448768339593,0
-0.31119291428673806,0.513002206440649,1
-0.34678926878808164,0.2235841628331629,1
0.989381134976711,0.1673226412672338,0
-0.407214222721073,1.0782702416119063,0
-0.7333623924141558,0.7398889928184308,0
0.058444930356306206,0.8195646112111601,0
-0.12523154378866055,-0.8963897021195726,0
0.24704742583091965,0.3560856787480601,1
0.5234009115648242,-0.03552754329847481,1
-0.9479333110593005,-0.2517147517438538,0
0.17651831832967924,-0.9889234157805868,0
-0.010104838744164367,0.5406788258153642,1
-0.39222187254019686,-0.875000590532538,0
0.36137461411285193,-0.03720122909054349,1
-0.25487849434263393,0.4145615238007442,1
0.9894935151116746,-0.04900032531249767,0
0.023365134198889328,-0.45634010611354703,1
-0.8027297975608993,-0.2468623109882036,0
-1.0946437272970255,0.11875804359539152,0
-0.6323355616195501,-0.48559939676027875,0
0.3166038193243791,-0.6092907111161279,1
0.5323030927920973,0.20864408531620332,1
-0.28832719222796704,0.4973156027694612,1
-0.793284637185675,0.7760862959356283,0
-0.9749020024903812,-0.15608338880646938,0
-0.4149248171369314,-0.010197554720928537,1
-0.22381388070935537,0.9772626255079891,0
0.1592833029844672,-0.4153156105026114,1
0.057013083108081716,1.0819982245451745,0
-1.01715593551325,0.1996394591479148,0
-1.1095338028577595,-0.05616498623053288,0
0.1464404627909725,-1.0675029206166395,0
-0.5156390069179434,-0.6330683702040337,0
0.9063173048703114,-0.3356677614150204,0
0.3887255180022884,-0.4813937832782465,1
-0.5395684979821077,0.965744406843608,0
-0.6755943180806743,-0.7588545155154561,0
-0.30070602663052326,-0.8780288618913953,0
-0.45816291371925627,-0.1498261948163127,1
0.1976786848492059,-0.35888081890632817,1
-0.39842120984575263,-0.3576778919720397,1
0.25786209446428826,0.37431137383599083,1
-0.3871804572232484,0.04834941664019754,1
-0.021652776709346122,0.45096537567524886,1
-0.7221933769083223,-0.7516841363671529,0
0.13999050436481128,-0.9568983603071685,0
0.16463146906837278,0.557644044658604,1
-0.9306133212844749,0.28720388803958685,0
0.9950403953052632,0.3915421289814031,0
-0.41640698083578936,-0.13072745648885303,1
1.0458254104190583,-0.10944462751765284,0
-0.2747453449261108,0.6183146204131759,1
0.28702152458714086,0.46707147722916703,1
0.38469483340306265,0.809788766821428,0
-0.5293337683947624,-0.7916864594148556,0
0.19498818862115577,-0.5954229560006581,1
-0.1312384374821183,-0.540448054557691,1
0.10502762605282612,0.911832303663828,0
1.0226971999035657,-0.5522793035705645,0
0.3667213892280651,-0.9585938177151297,0
-0.3893225651746358,0.9851743475603216,0
0.3004680294163561,0.3341721003377891,1
-0.1581554616164454,1.1061331685613258,0
0.0665528737431923,0.4914671415988586,1
-0.6867345843703804,-0.4453979432266317,0
-0.4764155878049889,-0.34698489167967755,1
0.7921968130967635,0.6749785295063917,0
-0.34029152689535735,0.04935310447522975,1
0.39667241499169126,0.2067999944455543,1
0.1822553803917486,0.4420056703292428,1
1.1984664732665677,-0.278386459654814,0
0.1772907499485824,1.1683637707733179,0
0.5296641189240406,-0.1670322981051311,1
0.5254871478261169,-0.7881543019528187,0
0.9025908470507948,0.10340673151808254,0
0.2594731600383213,0.40561072856815794,1
-0.616995350852506,0.5444557186014338,0
-0.20117796941910712,0.8355541650923309,0
-0.3604933102765918,0.9100143068900332,0
-0.5046894320067642,-0.6573771355662226,0
-0.5266282610546953,0.8805002958614401,0
0.5227308229379987,-0.10998381580949353,1
0.6220281244780758,-0.7167815620505507,0
0.07104114365357919,0.49273516935366507,1
-0.09952966917735727,0.6771685566632821,1
0.24689710204407264,1.0255663834487467,0
0.29752884086050047,-0.985120349080734,0
-0.9537637257514832,-0.7370353151510123,0
-0.10404255376919974,0.491969076734505,1
0.33699911911138103,-0.11015562966408733,1
0.539290517342794,-0.9785181465964331,0
-0.23672067507834316,0.38731317944303384,1
-1.0633642922646973,-0.22883744036590775,0
0.4283246216839929,0.975907496018289,0
0.6675155296148315,0.8211643367533178,0
0.26882842723368605,0.2511752135839242,1
-0.2994714448222503,-0.3160120719341871,1
-1.1008247972788867,0.22014525642687763,0
-0.4653645493053864,0.05473854739636906,1
0.5890130334052398,-0.1994753927793782,1
-0.29378130181273676,-0.45178439691613675,1
0.4442783875773619,-0.463988890699595,1
0.34116704605003945,0.032359515309156595,1
0.5994276089499928,-0.8645109857566048,0
0.34516880913403536,-0.24412069500567207,1
-0.9354104072033387,-0.18940190828101194,0
0.1808705918360974,-1.059059370417243,0
0.18630532738457145,0.8830179806127871,0
0.9002228736245456,-0.564135648095968,0
-0.23314403262061803,0.5650094375935906,1
-0.8596990524150319,0.08516282364567726,0
0.28211378215262317,-0.3667118689725769,1
-0.5475626615855265,1.0868804242959962,0
1.0000270531740685,-0.29587274926875773,0
-0.1943089802800662,0.9437801214628112,0
0.0912602917822943,0.5874534913287479,1
0.46587943283248895,0.6976681857893378,0
0.10113321565490863,0.4499756899958716,1
-0.04735908480262954,0.4964260956129538,1
-0.13520044087460314,-0.6041127607633471,1
0.7878274339051815,0.5358893489492653,0
-0.10043159569107422,-1.064916031078923,0
-0.9822823296348304,0.4623450714431043,0
0.19311370516055465,1.095212927019479,0
1.0202423382487722,-0.08662436993598085,0
-0.22695833570603502,-0.5592911949074114,1
0.10522975899708492,1.0091263515184086,0
0.16312047480905417,-1.0634653106461105,0
0.6208054885320852,0.6196304932942324,0
-0.6281287662476529,-0.7418408704088084,0
-0.5128988976061278,-0.7718240164364456,0
-0.396161698373144,-0.9669898734094177,0
0.31661423603994315,0.2670887997219969,1
-0.4840797402766839,0.7725806488308928,0
-0.9471222105085286,0.19035514942610682,0
-0.028331030948829945,0.44588545432077975,1
-0.27862842585305364,-0.39689405364458036,1
-0.4618208900718882,0.3610648186406392,1
-0.5412035408112129,0.7211045909495055,0
0.4285441434686184,0.9024742837516319,0
-0.3286713347053877,0.5161797343267308,1
-0.4822323486829674,-0.08727308169795672,1
0.0017470227897694868,0.4808542375075105,1
0.7840184521773262,0.17870968984250804,0
-0.9134929877336898,-0.19692087007697417,0
0.5585026883312327,-0.14307254962402224,1
0.5283348808127748,-0.13897215297294757,1
-0.27194544619567484,-0.38358482565434115,1
-0.9473534876277613,-0.36237850888897016,0
-0.3397822792440575,-1.0114773800999837,0
0.002719845544871327,0.9200853932756373,0
-0.4267334763534647,-0.0770849205704657,1
0.8480666730108398,-0.5387150962222577,0
0.6096135414852855,1.078947501572189,0
0.03472494389513156,-0.3747436522199551,1
0.3654706454071766,-0.37586658321464844,1
-0.5673890958066805,-0.4046158125089127,1
-0.38902440285689216,-0.338022152239651,1
-0.3648398964700511,0.042079084630545195,1
-0.9338615303481426,-0.08338105440269777,0
1.0579165634089776,0.1697221370749038,0
0.35632680830442937,-0.2716903878314812,1
-0.01336131208760286,-0.6451199379268096,1
-0.4330210445971284,0.09851249446507017,1
0.1084486317480132,-0.2563046206082129,1
0.9264940979549986,-0.2158092734712079,0
0.16716614641419097,0.5352822589815099,1
0.36077610726716347,-0.38155430881460844,1
0.9799846400470049,0.1203277759909093,0
-0.12239696905487009,1.0069686793019639,0
-0.052678435462589504,0.5960255261482269,1
-0.41234773768021094,-0.2709590041863951,1
0.06529313346496873,-0.597398078161977,1
0.8207015441506749,-0.3543030566279347,0
-0.6987693267529937,-0.7924738390154029,0
0.6027562772774411,-1.0070061976632467,0
0.1132324482330958,1.1276777774375253,0
-1.0302630248957998,0.30388787206257545,0
0.641653936943392,-0.8858210642589023,0
0.23591384195174073,-0.3837634733500771,1
-0.044630939152281536,-1.165249655107132,0
-0.6503957010096943,0.45385897770879646,1
-0.3647297132876943,0.04141595176541657,1
0.9117640814825926,-0.7137317135004936,0
0.24521667417800463,-0.9120982898764743,0
-0.763236483181816,0.6020015592900732,0
0.44895327127806317,0.9089404997176226,0
-0.3234520661640066,-0.24410062291996726,1
0.9947187104822229,-0.05636389977732076,0
0.4089828676266106,-0.8899146742162235,0
-0.7583493083275545,0.6341650780643191,0
-0.4051786295736544,0.8990782945350355,0
0.01822629107639749,-0.4836474646972806,1
-0.5743402917555579,-0.1354633485900445,1
-0.5003946814157281,0.244400426585885,1
-0.33278750921930367,-0.4358431924271837,1
0.40484459296887243,-0.32591076080095976,1
0.782040774389785,-0.6862862592477427,0
0.7856704044402354,0.1089614178596015,0
-0.8572594341192311,-0.47706261240757347,0
0.0992708764135948,-1.1891248507887249,0
0.6855531912640048,-0.7781043799321857,0
-0.23592055787103097,0.14676052885848181,1
0.1553503705480336,-1.1613080951403156,0
-0.5177436772348292,0.21327118848849994,1
-0.12847551075029023,0.3826553900849502,1
0.021291322907750168,0.40981155799098096,1
0.1667964984031124,-0.49073885186270033,1
-0.4935818455373127,0.771399034941122,0
-0.9627883754995373,-0.6638028139435368,0
0.48306940744666943,-0.3318596464848827,1
0.5277821768127554,0.7993015174290751,0
-0.865484299399037,-0.5819467639957966,0
-0.4902732007932836,0.1127199061853264,1
-0.38305419521822526,-0.6434447557891207,0
0.6695664783293512,0.47374467411805643,0
-0.45135448802395384,0.2965658790039642,1
0.7450793513356244,0.7843571476321634,0
-0.26011476325167315,0.3661332165617092,1
0.07158734258834443,0.975076993553906,0
-1.057347163335942,-0.3779749362473243,0
0.08039078694980763,0.9733618558779144,0
0.869212002257346,0.32598355660591605,0
0.7244520327984822,0.06856319639742076,1
-0.8797834557447956,-0.015116043324423359,0
-0.17618609695146625,0.7827355844754572,0
-0.60934280341041,0.7086466765340844,0
0.2582811186644714,-0.3630539082284324,1
-0.45425525144109696,0.4275863123210823,1
0.5152755834246483,-0.11344306653178851,1
0.5450983560955142,-0.9116368261132577,0
0.22830616849205862,0.3026750229326458,1
0.3777945107361499,-1.1371640999779362,0
0.2734015816088161,-0.4118499649204296,1
-0.07472249280636417,1.0470826071843469,0
-0.430565470523925,-0.06609953637833821,1
-0.9029187329563697,0.3570285651071709,0
-0.4121183976651142,-0.2671095413123137,1
0.4037349289622735,0.2546921836673155,1
0.3649453763222374,0.9856317863806449,0
0.3152248911005863,0.5898621947044935,1
0.3254605764937716,-0.5313423342772443,1
-0.23339734745734292,-0.8866136225295422,0
0.19488578119985947,0.34640281110447935,1
0.7429542331386018,-0.18515398337743025,0
1.0062139240694674,0.2813314901205458,0
-0.9934084646205944,0.4614229563402678,0
-0.9038483372713039,-0.3751412904379185,0
0.22056731624997805,0.24148585600096711,1
1.0012144244953836,-0.07376126950591935,0
-0.8838274183411633,-0.13970327034129154,0
-0.1866487973678634,0.8695789753940915,0
0.06995299798714542,-0.49354650593169225,1
0.47501297431736755,0.3177368449558773,1
-0.408920385543829,0.7801737657509368,0
-0.29853569523437695,0.3548902820135864,1
-0.330724288134114,0.5117354709220637,1
-0.6677776092504415,0.08679695034527479,1
-0.36405932366317745,-0.3012074914224777,1
-1.0313161795509918,-0.4231790005408787,0
-0.3455154253502466,-0.4409280658381666,1
-0.42605157021912177,1.0717850467606307,0
-0.36076736606177595,-0.9390081760701364,0
-0.45083403090350005,-0.6934451376811849,0
-0.23125992130999262,0.45449763718082864,1
-0.9780238360102268,-0.20184818898708726,0
0.7782533117579125,-0.39926281532356384,0
0.4747464866327876,0.09354766817984646,1
0.2007452105538971,-1.0008079994783545,0
0.5226015985365632,-0.011227459363058197,1
0.3527841236228419,0.169019183376655,1
0.4907195529845566,-0.13725396943415052,1
0.08959881482575593,0.9667183312287547,0
-0.4655824896822587,0.2037503608556119,1
0.9250566876879659,-0.8380863117543507,0
-0.031782782491062284,-0.9086297812581584,0
0.33875108989891817,-0.05204260409874234,1
0.23320457390429083,0.09808312118889728,1
-0.5941538429734761,-0.28144941627359893,1
-0.1138229660877994,-0.4473312648476251,1
-0.11410421197997267,0.5645408244490202,1
-0.17188614436075766,0.5367897901782097,1
-0.48110158494810706,0.9736507106351984,0
-0.0733190503184897,-0.45472590566908616,1
0.6924351384631249,0.6711861207842901,0
-0.355393427706891,0.8142509938512911,0
-0.5331617459306884,-0.18118877825515503,1
-0.8503762350329932,0.6363346394059458,0
0.3205579077494187,-0.30966512872425433,1
-1.0306440155224117,-0.4275065569092163,0
0.11299139485242848,-0.40614680066741804,1
-0.7378215167928476,-0.6117760297091522,0
0.24413149347011456,1.0879186466278696,0
-0.3147877362483657,0.378635654853612,1
-0.995840032916616,-0.05568494442533628,0
1.0281122260666054,0.15507922836111623,0
-0.3229707809576755,-0.038135175924250836,1
-0.5305106856550164,0.7987319061498446,0
-0.4180483402860291,0.45562243862837537,1
0.9587491018316224,-0.3229438119769358,0
0.2733359897237576,0.22291297653965497,1
0.03932756944028819,0.469314648090013,1
1.0411905151853125,0.07971199357345018,0
0.8068460411572254,0.12526114975636443,0
0.15507360400731574,0.6563109069106254,1
0.34145747341925087,-0.8966739263493199,0
-0.4486673139669581,-0.9860338517889516,0
0.6378606783651604,0.8615138532745568,0
0.1765406698598635,0.6534872666225724,1
-0.5178335048540127,-1.0520183119252537,0
-0.41498353162797974,0.2753381395402573,1
-0.8043824333563634,0.3854852100612424,0
-0.6048915071163754,0.015581821682337654,1
0.7576753004943856,-0.7765415500970717,0
-0.3122354897887655,0.9455106083515902,0
-0.3078895432473123,0.23694245477995,1
-0.9252168136806861,-0.6895506828516398,0
0.5095462159879387,0.9256944559376968,0
-0.14002183342953373,1.054731847489639,0
0.20220019879570017,-0.9408992657443099,0
0.4786657090006746,-0.07493441750304293,1
0.3810380883501801,0.3456820610007505,1
-0.08895572296398738,1.2257862544868767,0
-0.2729054193829994,-0.5254591072230592,1
0.8214145829916957,-0.07327298523006498,0
0.23432310150215444,0.984346154290064,0
0.5178892436552391,-0.35408788624222287,1
0.11113121363682346,-0.3371158723957073,1
-0.4611875342902329,-1.0482596149581855,0
0.24908067348289673,-0.5681003845316762,1
0.49265210004291693,0.1443062150760274,1
-0.27998995378842123,-0.2892695378942506,1
0.39391332385303357,-0.8593529680233756,0
0.37394519090029577,0.2850871664426742,1
-0.4543204943389593,0.2080588534028631,1
0.3993223302693883,-0.8658194811567441,0
-0.22454549290685538,-0.8634756265495863,0
0.10399731896860356,0.5866328834086918,1
0.5002849169742035,-0.35363180629745494,1
0.8927344056762342,-0.43523506278960084,0
-0.958647596404836,0.32917267312369336,0
0.38583134420119447,-0.39458978718102544,1
-1.0101294650304444,0.21645587866924335,0
0.1660815923265359,1.0068439815883254,0
0.8600267622855952,0.7715315468959061,0
-0.17250345401788122,-0.4127661658149629,1
0.20049270408309344,0.5513949864225864,1
0.3437091996672449,-0.8095835784447591,0
-0.09720311455580802,0.47245942468385654,1
0.46798036821423533,0.10719237641566483,1
-0.0867330940464926,0.4704811121501506,1
0.8088249644990395,0.40063629201117457,0
0.8966541903269608,0.5352667400165801,0
-0.4765845732170957,-0.5250791134114541,1
-1.1732873688868404,0.31945386218379657,0
-0.5022148595468248,0.12541791248293757,1
0.9303387921359273,-0.3614497111609244,0
-0.5335252662626024,0.7456564449767165,0
-0.24890010502278703,-0.9858204510783788,0
0.5571220274381324,0.14612971994826973,1
-0.8068435092311858,-0.7419493496435021,0
-0.8850697729792582,-0.4382123332691286,0
0.9875426208154426,-0.04791167774419302,0
-0.23575387614784188,-0.27080863437282165,1
-0.48107742763884387,0.09893204286874345,1
0.7388505620154224,0.23130143020351301,1
-0.4715330321216687,0.1623359453580392,1
0.4302754155392151,0.8127556133307712,0
0.821843239335797,0.6355111109288067,0
0.41709175371649587,-0.2255156161572633,1
1.0040202065306714,0.2318339783275549,0
-0.3993290260275082,-0.4481053094709333,1
-0.9289179950646215,0.39746325712311514,0
0.9952301876271753,0.17145576597969422,0
-0.36849724755922536,-0.25917288044561104,1
-0.33511962040096066,-0.7773861592163853,0
0.049253034276265956,-0.9005632360997435,0
0.37915581719904823,0.35181546690699184,1
-0.41733961183928103,-0.1304324004945825,1
0.8634346365209202,0.4905410278030895,0
0.7851943009487846,0.6996757597403398,0
1.0017973056033669,-0.10061297291040308,0
-0.09861483728541212,-0.48079325903507,1
0.43585804243789067,-0.24749599990287907,1
-0.023376153703346947,0.48164863090395255,1
1.0213413684999078,0.3148695710752089,0
-0.25676042135240806,0.08096220291241303,1
0.9151281017507894,0.2565224580759372,0
0.6103624945256637,-0.07491043460370282,1
0.6525084872202245,0.009559724832541468,1
-0.4976867512188528,0.801654532406793,0
0.46671135742493963,-0.3062403130810583,1
0.38405353673915277,-0.4851675774175043,1
-0.4654391489742749,-0.13724172437859866,1
-0.16366280694730984,0.5448136356135447,1
0.2345023410987338,0.33946953961977516,1
0.2701853782954775,-0.6004325302708882,1
0.5713988044858512,-0.9699825440568415,0
0.21299151853950948,-0.2953930859308367,1
-0.5191845630160905,0.2622486778742159,1
0.43787348575207996,0.19603307481156704,1
0.5056525097309094,-0.16129180445995683,1
0.4649454192322028,0.05685349003442731,1
0.11805771058440273,0.3753315000681669,1
-0.18354337928014458,1.0138315839155445,0
0.5971738134389513,-0.59481712980215,0
-0.9911519861362256,-0.17752199284932468,0
0.3595100911015317,0.9502765205941762,0
0.3295037700275769,0.5300240844794365,1
-0.6217517829496231,-0.8529641585504887,0
0.2925231323392554,-0.26434525236571443,1
0.5615678838245781,0.7945320387348738,0
0.40154652556700665,1.0157325993333657,0
-0.6717297801671424,-0.3783133939456788,1
-0.03714875262498282,-1.0596101943892906,0
1.1079112188285498,-0.5634124791023702,0
-0.12331797888948134,1.0096890797347668,0
0.08560631283270831,0.3590679727347948,1
-0.4083061379718598,-1.0359257045721986,0
-0.868444792906594,-0.3023909846938542,0
-0.22987211488100462,-0.41746503081999436,1
0.35239618804604367,-0.5669291156725698,1
-0.6715475474032857,0.7014716983389642,0
0.2995311788789509,0.3137035490094078,1
-0.4618462997830632,-0.3590011099943998,1
0.4127175210673487,0.23370066296876008,1
0.3114399570827025,0.3817170727179215,1
-0.23393558696555866,0.36356337550647794,1
-0.6485794980835056,-0.09449433565023446,1
0.09285078713600614,-0.9700499570882307,0
0.3988201970715682,0.004094286121036432,1
-0.42834216218320964,-0.007352485167380143,1
-0.4972543806043393,-0.21500494645882523,1
0.6387952129667004,-0.8734060521056872,0
0.770184830383662,-0.5145797983399089,0
-0.07971588015756838,-0.8119711613378532,0
-0.9729362077211638,0.1505035236430542,0
-0.09256457301000581,0.44015707347290345,1
-0.4139248297031768,-0.3896157835338138,1
-0.09886706934273816,0.9676719055749273,0
-0.1549178595227917,-0.4263213894289174,1
-0.46537807337183823,-0.27127425251606285,1
-0.48062342808961883,0.35305972198991503,1
0.28477325870963405,-0.40682089526243487,1
0.12397264510092766,-0.3385279309811307,1
-0.3148212479306333,-0.8734467520690449,0
0.3647053831484862,0.553740310025302,1
-0.6607370383435237,0.21754206664163434,1
0.5003004645346917,0.9390416059376284,0
-0.4605437172007008,-0.16042595598837373,1
0.1350689447199758,-0.9060257258055983,0
0.37729396037992696,-0.06890849745604259,1
-0.6794046496892776,0.6144420816249347,0
0.2589398468169957,0.46953612532088534,1
-0.37420440257750504,-0.19801024964876407,1
-0.32987971043402176,0.16649527687599153,1
-0.21454942074784647,-1.091517368168574,0
0.03788942009688465,-0.5896857961813661,1
0.9970578280031206,-0.28812097324356784,0
0.08730561350126123,-0.5033458428246026,1
0.5528704215584338,0.07213627823925921,1
-0.5072134706271876,-0.23563192065514613,1
0.5949985929193596,-0.9860318193095098,0
0.16163020009933518,0.5072155883902818,1
0.1842557312389596,-0.998164694882539,0
-0.6130623716738247,0.6903274017224971,0
0.4112438544958217,0.2821771571217615,1
0.18725452580042035,0.4681398745321565,1
0.55842900246451,0.10504550351900707,1
-0.3408222257987865,0.749804242740981,0
-0.9290562318216097,-0.11106127169044004,0
-0.032400829110539583,0.4481780192319756,1
-0.429390908994942,0.9143283398381792,0
-0.5487096482836624,-0.16105342697360264,1
0.37841264179654144,-0.3341928871502937,1
0.46330354024588655,-0.40525970733340444,1
-0.5258778957877867,0.1224436609914468,1
-0.5940586191858103,-0.07004050308117839,1
0.3589966220421889,0.1618999193688186,1
0.8397173867584323,0.754303112010324,0
-1.0682907215643769,0.30112612733109995,0
0.3471796934339242,-0.8882370769972594,0
-0.6280465437342343,0.06487868079108972,1
-0.9142860995524453,-0.6504554979221233,0
0.5987469876803267,0.8874111618092724,0
-0.7965386936150187,0.4045007058778025,0
0.7023538449280599,-0.208376579743609,1
0.5706859519907784,-0.958602754705156,0
0.9810711598786829,-0.132806363272295,0
-0.4080762272062915,-0.34807249446118527,1
0.01793621829635289,-0.4734267794319472,1
-0.918764350927155,0.5031502205139262,0
0.3634399947581701,-0.3637184530130583,1
-0.7775843512057707,0.348880881188796,0
0.12946384685842915,0.3793723077654,1
0.46637013583274856,0.03400251316647403,1
0.5446030240770329,-0.006071428502885917,1
0.9225207462920604,0.30556871581329637,0
-0.30554061811525135,0.8016377967498466,0
0.12039009739007692,0.6303275173291568,1
1.049068221657226,0.41312244496538586,0
0.38876998194565004,0.4569673944788173,1
-0.620315704199519,-1.0572629617763993,0
-0.3716904887694287,0.3954947315171391,1
-0.8091255623146315,-0.5888470544896954,0
-0.4736280632657901,0.2753979994153867,1
-0.31088150667742637,-0.3125692579191933,1
0.024045531053435668,-0.6093319176185542,1
0.7258718336572002,0.6982979064219622,0
0.600414229940367,-0.15017890984989551,1
-0.3053646425829582,0.062315021118494324,1
0.4583267005511349,-0.20815843821433008,1
-0.2897909437712132,-0.577859778611159,1
-0.6064949549537353,0.722687083942979,0
0.8566626561259163,0.5036981957342077,0
0.3438351790173481,0.34275107073389866,1
-0.12748484206874866,-0.4726311688533964,1
0.8728353371455031,-0.10580407328171446,0
1.0270209756258584,-0.13159923201421503,0
-0.5574427348617141,-0.053418486467672166,1
0.5081650168338955,0.8966296761922973,0
0.3631949101711511,0.34645525838545477,1
0.1861932604001586,-0.4858936269655415,1
0.9831680808442115,-0.1654505481897036,0
0.45575014697857225,-0.9018481561753935,0
-0.13814370930681963,-0.5897150806139135,1
-0.287331976328272,0.3580243551904246,1
0.7573622166492441,-0.48130482524242746,0
-0.4489676144571479,0.11318908955006227,1
0.281801095369442,0.36209963273934276,1
0.24294572000802628,-0.3555018688513133,1
-0.5796800867826044,-0.8521263219867443,0
-0.8629104019758495,0.6262352520726516,0
0.006258066104441226,-1.0521804971616293,0
-0.5266428943400416,-0.8878813092887184,0
0.41700050862800214,0.22600292683797105,1
0.5046094169789067,1.0705585089142207,0
0.13620064186012887,0.403303133437808,1
-0.0675806618742978,-0.5563394545807042,1
0.5106688020444435,0.8382800113130059,0
0.8097478004468768,0.736372868217195,0
0.7522547896346952,-0.4328231459973664,0
0.050015255040585675,-0.5834996958953891,1
0.7727774530829244,0.7392273857343432,0
-0.42542107096165427,-0.5331324755003883,1
-0.44804807006388003,0.18760243536798746,1
-0.7674462526279279,0.7810492215817175,0
0.48184059284568925,0.26414801904879565,1
0.12186388512019979,-1.0052949613923037,0
0.9051871042141062,0.43687673875634997,0
0.7918460461068125,-0.5230924034623672,0
0.9489152635999916,0.6360584152335956,0
-0.18259667698908785,-0.4933474201545833,1
-0.623984421439045,0.049521831099834435,1
0.5328939016038041,0.016744477051787082,1
0.08092030914152704,0.5014042098397888,1
0.14693400652322638,-0.6206391132980165,1
-0.6217671721095508,0.10595467895452472,1
-0.18911477523491,0.519249917769172,1
0.526516857233435,0.13382067168898412,1
-0.40974815963833133,-0.08820626645222619,1
0.4372789210123636,-0.2040662849883303,1
-0.5117071940181804,-0.03942561854399129,1
-0.1467033909779617,0.2834009143135189,1
0.45967086327430773,0.2686335693437744,1
-0.41443420786304375,-0.16820264635492577,1
0.9977253947427277,-0.25338594428054023,0
0.9629235043976614,0.2711633315033794,0
0.23439966323773342,1.0491281968344808,0
0.7057493846764931,0.5612708326014164,0
-0.1459185295915197,-0.47331505520323164,1
-0.46245852716516905,0.29002935063441754,1
-0.8005249026299831,-0.349231381049597,0
0.1719513935110976,0.3523374578597885,1
0.4552989362780469,-0.286958396487218,1
-0.4852739659119609,0.8854094818036372,0
-0.47429997641344485,-0.866139513942135,0
0.5429801586456218,-0.07743016196617243,1
-0.683773214792105,0.4745955767072964,0
0.4661098155889024,-0.09416465997178536,1
-0.5741325074767438,0.7589122796959884,0
-0.9470136257906754,-0.14973293067815507,0
-0.8993208788292272,0.5896687636766569,0
1.06820689711385,0.34856603501957406,0
-0.6130063035740096,0.7930963120100917,0
-0.28636152272458554,-0.25913890816636004,1
0.8882698085938094,-0.3983445071624552,0
-0.34889350750678244,0.5517687154034565,1
-0.3159428029049737,0.21477179169761715,1
1.0907764210208128,0.31329351500260666,0
-0.2787302338555805,-1.001198187248409,0
0.4382544700163077,0.019110452935415936,1
-0.31786098230087734,0.4251310776323623,1
-0.4226053402048198,0.2229528224756623,1
-1.097243729037901,0.22456697529916161,0
0.23567294369787878,0.19956452693344673,1
0.41731239773941087,0.5205060684548993,1
0.42066071504438557,0.1588081744088101,1
-0.7824895127089274,-0.7159037911047518,0
0.353259885488179,0.8516686932045773,0
-0.04784710684287832,-1.0399532357838448,0
-0.42644667186019036,-0.05537475510705825,1
-0.3747250767749123,0.44522635962257756,1
0.6171219475897919,-0.2980244702979706,1
-0.7302795447655003,-0.7057124169847222,0
0.9416578384368937,0.005631041647831583,0
-0.1624560937138157,-0.4202967060736699,1
0.430077615967997,0.7179993955458033,0
0.013650764315431649,0.9830558515134363,0
-0.39035371317872763,0.9405097550804363,0
-0.5118078087350673,-0.19280999220634196,1
0.40857135471439116,-0.22667819600963218,1
0.039049090939316675,-0.5002606636297553,1
-0.05305454697625546,-0.36880543420890355,1
-0.0046228525091003,0.5696759988433702,1
0.9234614244656091,-0.1666438244125196,0
0.41588350732845714,-0.1924724897271448,1
0.42342743688627393,-0.2954989409228623,1
0.5261108793197006,-0.08429671922802107,1
-0.942572351506814,-0.02854675955299984,0
-0.25172980774277254,1.0535450407207303,0
-0.3128860574018394,-0.46501628653794225,1
-0.36571701586642114,-0.92869338766368,0
-0.22404283969694053,-0.5282349322821852,1
-0.23336797577996998,0.480679535535896,1
0.4755432999599638,-0.14730947017135704,1
-0.4712454560467519,-0.6251877903624731,1
0.3109722253039141,0.33978044017982306,1
0.8607935751832394,-0.3530383799060199,0
0.16062788913727932,0.2342636274541333,1
-0.6925380530608513,0.6535660152921369,0
0.6175282899528232,-1.0130842525061046,0
0.37258634166147114,-0.5822725674047131,1
0.6801371848985913,-0.6470029762761329,0
-0.4478069743662334,0.4459588009991439,1
0.9643817588246454,-0.3972755516101014,0
-0.25980740667020724,0.3987252199529542,1
-0.028960873536825853,-0.5341073930761113,1
1.0170274066306966,-0.6340432124881721,0
-0.14712204438078264,0.3623827794279395,1
0.9334436156000768,0.5915990209066893,0
-0.43589356538624446,0.5200282378213097,1
0.27436564193114643,-0.4533557621028127,1
0.48082603251818745,0.10343211696647832,1
-0.298713081985337,0.5959657979127464,1
0.4460516980967959,-0.25790876381608047,1
-0.36767251767643183,0.32936048045592103,1
0.5734936067739366,-0.6845603286204733,0
-0.4425867598306306,-0.21682753001473182,1
-0.11193805425794284,0.5230537640311063,1
-0.6606449726654442,-0.600989953280724,0
0.7991716197778643,-0.518074832901608,0
-0.6159794466158622,0.5276835135833229,0
-0.8886639952368421,0.01368484720972923,0
-0.4877948352226774,-0.41990247642298584,1
-0.9106321277270983,0.4101989622481405,0
0.027279670277230696,0.485789252024037,1
-0.959703880749311,-0.35772829090883884,0
-0.14298882185808487,0.9715873431988702,0
0.7261384428260911,-0.6010493388096033,0
-0.9150174258786079,-0.011785833040313252,0
-0.9497440894311724,0.08548854148546005,0
0.6384928883311657,0.7217015687639398,0
0.23973970767344827,0.4155930687525551,1
-0.21783728741155348,-0.36989004988096597,1
-0.7735544898964819,0.6552551198791545,0
0.8516967229113716,-0.8769315036171942,0
0.07851869048387627,0.4339869540974668,1
0.6657012460223409,-0.12714176249028492,1
0.9542294575859404,-0.2775498802806153,0
-1.0596806512120516,-0.1449792664075431,0
0.4185808130743374,-0.13524695959443164,1
-0.21173782807141367,0.4858517936839813,1
0.29836039874289155,0.17333815859388235,1
-0.22052520814349874,0.5093664149545171,1
-0.24155157407778358,0.6288628398550219,1
-0.2690560364515049,-0.4443330512562978,1
0.13451400461753732,-0.5274199693215222,1
0.9572187699308435,0.16671229358134002,0
-0.04633575969079454,-0.448652664987778,1
-0.47708243756203383,0.13957217130277041,1
0.9121648286662722,0.2336345703503823,0
-0.3304729978539367,0.24166062062970223,1
-0.7892383430672205,-0.38860433426797053,0
0.5090568402075925,0.29745456247502283,1
0.36847630420020494,1.1152967910607015,0
-0.916228683939851,-0.019288833914501424,0
0.6085714604904116,0.668967811609281,0
0.2946146716425449,-0.40609167615475084,1
-0.256142016482082,0.33224073416384303,1
0.13221277314600088,-0.6474536966860185,1
-0.024078234357747908,0.4889759112314118,1
0.45224671069962946,-0.06283600378944963,1
-0.04019895256079395,0.5763208007311256,1
0.7442664537159469,-0.5674824751253944,0
1.0962776309622853,-0.0359049498810341,0
-0.5668983302523326,0.30185573336749333,1
0.6638558082698571,0.7399093167141451,0
0.41785347982447374,-0.3363025725603719,1
0.4667449316752945,-0.7111493219676801,0
-0.5378059190909117,0.6786528859409673,0
-0.4007694653517074,-0.45744198839250555,1
-0.16861331106808394,0.3746709923498672,1
-0.2618055895840461,-0.6184447899136947,1
1.0122719175850872,-0.4276787089718508,0
0.8962892917434958,-0.7268266894455484,0
0.9272623285893772,0.06798413420993586,0
-0.6976340117617303,-0.49879771515723154,0
0.2868554548179864,0.3791982293098174,1
-1.0415245267510471,-0.15178598861611448,0
-0.6086775253660426,-0.610924691133884,0
0.5935991771049366,-0.022955704579455755,1
-0.0839226246183355,-0.5465350956969044,1
-0.12319334084806319,-0.36706167944161616,1
0.26178171452297183,0.49199633879578847,1
1.0848942675723945,0.11542794956671117,0
-0.7223797581756705,-0.635410115497876,0
0.46694538287232434,0.12468158302387296,1
-0.305762687605886,-0.3642043546505912,1
-0.8066093646095193,0.49458707220098763,0
-0.2234281575647465,1.1462199020265926,0
-0.5020388878728492,-0.26847419116292176,1
0.8194747510208437,-0.6955019006449096,0
-0.5944619531822146,0.10240741537416286,1
0.6780457705282478,-0.1514603676298102,1
-0.35151611826196966,-0.9088337358512628,0
0.8201215733737027,0.4416973088424643,0
0.32939957416744,0.4814874651284292,1
0.015420399630932773,-1.0547207820633562,0
0.36606852745845575,-0.36885914789088065,1
-0.012782561469529666,-0.9222230059153763,0
-0.9187857792065446,0.3880894065359698,0
0.08422551327871564,-0.5530752138383807,1
-0.6465637236338733,0.7667700951200282,0
-0.8571650266503139,-0.513733027652109,0
-0.012428057477975457,1.13720539883001,0
0.1158863966000746,-0.4282047123248434,1
-0.2782718414387015,-0.2840028986603885,1
-0.0013453788126482902,1.0108854146538222,0
-0.02805309916743709,0.3506674306281451,1
0.33352827238814275,-0.3265019931889993,1
0.8646335275646805,0.6456600282843898,0
-0.37881890981022004,0.08392155984372206,1
0.4704498917781833,-0.8244927319167459,0
0.5027942792273278,0.036034278810812434,1
-0.6632311816826608,-0.5938870371456832,0
-0.09535953484109747,-0.5245083572719728,1
0.4820920866273115,0.32532296744792844,1
0.09658690994868468,-0.9376579050039541,0
0.017700892995647706,0.5361519048982855,1
0.25512872895594463,-0.827718308237546,0
0.7106169225609797,-0.829005089564367,0
0.05372247480095388,-0.990505480224587,0
-0.7763991649286577,-0.622910115667318,0
0.6993316305572573,-0.7390971465115075,0
0.19427664152310686,-1.0047872276302579,0
0.33118864770468365,-0.33103266451685526,1
-0.8866271174758584,0.19615567018005986,0
0.03227727015095523,-0.8898303726464316,0
-0.002756296027558794,1.0515082708423875,0
-0.7325685260037027,0.5757520982850542,0
0.4529596804993298,-0.2811904306356969,1
-0.11273471134300049,0.3671673406782573,1
-1.0054976213057283,0.16269389355093894,0
0.9301214148224548,0.26678306987219697,0
-0.6676236960944419,-0.7761701022457669,0
0.6633108585912837,0.5794679466674211,0
-0.1881149499682032,-1.188352763012377,0
-0.038146638991504375,0.5652568919164542,1
0.8269250038067348,0.035407782565418044,0
0.3461282792480546,-0.3506383934128187,1
0.627233593112743,-0.8050835612578887,0
-0.03351594985771561,0.6678919631634874,1
0.9360816129022835,-0.4328613723064338,0
0.7404538999020598,-0.6794786351179103,0
-0.2669744614676363,0.4122434226275403,1
0.08133327918304781,-0.5025053672452506,1
-0.27803824570264146,0.3512167454470103,1
0.21541283590578525,0.47204451215524196,1
0.8010288378395415,0.6586347547977118,0
-0.43345100029902134,0.9129821083478307,0
-0.5036003358000501,-0.7054407751247669,0
-0.27102235400767544,-0.5405104565291408,1
1.1174628396186626,0.34099994014402624,0
-0.19237063581760688,-0.4953447363311256,1
0.5066438365672588,-0.8828309850529116,0
-1.029795692000839,0.041527980352986146,0
-0.08309545091710918,-0.6754856023261477,1
-0.9141072790874915,-0.5685097236289709,0
-0.5163403664682966,0.1999300295174959,1
0.08598859656318582,-0.22131999687173767,1
0.49348877766547533,1.0340268268417838,0
-0.3491473581180663,1.0279699623831737,0
0.5222882536031948,-0.8956445328792632,0
-1.0152560259119334,-0.18185358125866863,0
-0.36962185194023145,0.20750135995035382,1
-0.13687585672249647,0.9314027118466244,0
-0.23196801967761593,0.3980666393162361,1
-0.37824669587552984,0.3710983876581445,1
-0.29267914489374425,0.250632624028587,1
0.6134302019614101,0.3682486141149973,1
0.2113568961812355,1.1338336923068,0
0.8703644163030257,0.10735458337688931,0
0.9726343376895688,-0.197414790258612,0
0.33309292434354987,-0.2277094120799973,1
-0.7114356545759664,0.7063678106210144,0
0.3870568313283008,-0.08239197898296773,1
-0.5068936139007658,0.3714784000016769,1
-0.12170825088573875,-0.30035803395628463,1
-0.3794441724108488,-0.5095710364566252,1
-0.28466729565608995,1.0941448599626824,0
-0.9466340154948168,0.08419702820258934,0
-0.397340424529059,0.16677703933691718,1
-0.340240838219097,-0.04532494959996104,1
0.8589205753017786,0.29897417238868496,0
-0.050534541135157665,-0.5689688507252236,1
-0.41229076465489367,-0.1873511235124391,1
0.7781977760945169,0.733405728013502,0
-0.3990484589386722,0.11735454438993476,1
-0.5351853378828664,0.17869836688151963,1
-0.5960508103637826,0.06350891064944772,1
0.9210274442070888,-0.04478771247278121,0
-0.20425640549188107,-1.108612693553521,0
0.3877830174518711,-0.5346954318724908,1
-0.01741956899309373,0.3903446562354479,1
-0.5109830248401419,0.7427587560486962,0
0.2903598127817715,0.7322678962970669,0
0.9532023394709471,-0.2962524719405693,0
-0.4569304487199082,-0.3995362512425,1
-0.41413309412273774,-0.7357744120210666,0
1.0061406975594507,-0.33993916619147085,0
-0.8775030811239108,0.7978503075358162,0
0.5458320262852949,0.09035087204919566,1
0.060051722685869724,-0.9741555382662264,0
0.00920316233987319,-0.45770388221610736,1
0.30958049128146997,0.315659234095769,1
0.07177838365237318,0.5034549554885016,1
0.4781938900047879,-0.05197399300605156,1
0.06324540337882012,-0.605295878349259,1
-0.002278238144692468,0.46847954355117327,1
-0.7008329877631906,-0.938483807913296,0
0.3367351759018039,0.2804636289982561,1
-0.7047271181060842,0.5769514087705586,0
-0.4806775909913672,-0.2956197183058716,1
1.0655584090726233,-0.3549094155820901,0
0.05333974465958312,-0.5307641037562523,1
0.4585048039940557,-0.4317024132167276,1
0.37806706359255465,-0.8011553199147639,0
-0.5457182297838452,-0.14106140522365054,1
-0.6191327617308869,-0.5796547979427948,0
-0.039116575704081245,-0.29662741757615235,1
-0.5795279755071863,0.10869438121179363,1
0.17581128183144526,0.9501305584486278,0
0.11361395060377502,0.4423208913643282,1
-0.42800773205207693,-0.26547620390948723,1
-0.9880291361819128,0.6346140094988912,0
0.9848343926332683,-0.27111255269169854,0
-0.5520440918266682,0.5688243241086425,0
-0.2207023188857204,-0.513066253908084,1
0.48265849508838354,0.2720772233581136,1
-0.2724894926239683,0.6828058184349077,1
0.4400267021866867,-0.35747145601229086,1
-0.5702969545809087,-0.08132473318152555,1
-0.83500796718013,0.5875783324177094,0
0.5517150709200677,-0.14242125478102033,1
-0.48682949812034026,0.04060352552045392,1
1.019422740000625,0.15503845606349442,0
0.9019558009588491,-0.6962826650317979,0
-0.11910088050479672,-0.406610533885551,1
-0.3322668099866203,-0.4680176364366454,1
0.31226769793457443,-0.5413108296754345,1
-0.5817081439099601,-0.8669406343610536,0
0.42818457786569497,-0.35262074597669624,1
0.682769224176488,-0.5604828554556194,0
-0.331528405065717,-0.2662301654568487,1
0.0909006737519504,0.33296322290594876,1
-0.43133533904364774,0.7855810464836581,0
0.07683946227191238,0.48292539715950944,1
0.3993531514864115,0.3600076293510017,1
0.28670369247823263,-0.3924446987152998,1
-0.3893365970204508,0.28598964285072326,1
-0.0997606522887762,-0.4177382463569381,1
0.4191900051246119,0.4341511220569696,1
-0.19246587129201886,-0.9849058840117618,0
-0.807973631794743,-0.5315333315847458,0
0.18436221660892266,0.3407257053519196,1
-0.31472928563760444,-0.9166287940490321,0
-0.3126240040606659,1.1815664660005538,0
-0.4372354720704294,-0.0767753240331236,1
0.022689778398363628,-0.4326548333326963,1
0.4501353392731061,-0.3346682627871187,1
0.9223830805209388,0.4009984687318108,0
-0.5590058739431621,0.38481258617107056,1
-0.4195277552327784,-0.8448529641335996,0
0.017487241047126817,0.8522895177888006,0
0.5537964524877839,-0.13208048870803946,1
0.05840264706738971,1.1114499759716685,0
-0.4250211814262844,-0.006938533660887813,1
-0.6831696556323695,-0.636383911488327,0
0.5311860065922375,0.08486618838580116,1
0.1850566184331877,0.45873382796928736,1
0.25850526943990976,0.41671369329649893,1
-0.03239030488874202,0.31513912839128894,1
0.8564279730049877,-0.2914354668292588,0
-0.1922729644954999,-0.4427420380207877,1
-0.8961969359363473,-0.3447614313441718,0
0.38427320214227256,0.36013252605886914,1
-0.7136584302364392,-0.7092065381148981,0
-0.049105449453865746,-0.6198270599707769,1
1.052699138929953,-0.40357507899401585,0
-0.1875556152225541,-1.0227661347767572,0
0.9798582433494814,-0.07439589214071465,0
-0.40232324451930074,-1.1008330100127632,0
0.6567880300547384,0.8852969985494574,0
0.3492206847933334,0.20298547810304163,1
0.41465987263238413,0.3722973664394277,1
-1.0856850987731208,0.4349381857185418,0
0.4174899982314616,-0.10925303269436412,1
-0.2799903360896746,-0.27563415883248715,1
0.9930947458169952,-0.48496130951380967,0
-0.9371661533127914,0.26724800703569085,0
0.48051368978336517,-0.1949764876763122,1
0.8960205517581046,-0.34189131734845757,0
0.3699034191817702,-0.741972924535391,0
0.08630700259802183,-0.9758553861016812,0
-0.206790741690072,0.07658510184741282,1
-0.9882761837462731,0.11264576356696857,0
0.005844712258799845,1.115744169800351,0
0.019408522955490254,-0.649195789393942,1
0.7860949072976742,-0.5556515188768587,0
0.3651835315287146,0.4276926509179361,1
-0.11563863368216921,0.6306381340518428,1
-0.6887579126695945,-0.6046061781003752,0
-0.510509503361579,-0.202730051435338,1
-0.13043594400515562,-0.8659927043932045,0
0.5382175012535877,0.7313663027569672,0
-0.48907811104543575,0.17517088183600726,1
0.06204230006129975,0.4977828860140086,1
0.5791324997610353,-0.7459510368684863,0
0.052782239260326665,0.5950759047845305,1
0.5802504095923791,-0.11719247075324826,1
0.6039836399921923,-0.4152779168032197,1
0.8158777888921559,-0.5032361216995467,0
-0.09786477572613655,0.38102738543952974,1
-0.08153513191498937,0.40730660048874295,1
-0.35974828387751845,-0.3737543226915304,1
0.9784186425879123,0.19384848229214305,0
0.6861933988467664,-0.6787168942908381,0
0.34434149346834675,0.13437333026608578,1
-0.15608218918699068,0.9899995485168314,0
-0.5112418872744847,0.3077046706410764,1
-0.7352006436130092,0.38980557323200316,0
0.3199367078661048,-0.4522514094000065,1
-0.3348049830805453,0.1580102744382818,1
1.0916078078207447,0.11867597129958882,0
0.407511595487325,-0.20121807492678884,1
0.17274475022233088,1.031517138362016,0
0.5934872467650957,0.8943033524218774,0
0.022200550570784384,-0.4822345706474734,1
-0.6793965401604346,0.7023677547349035,0
-0.5600781128491823,0.08170490849553436,1
0.747536620109101,0.13501077836080047,1
-0.5840592692820145,-0.8719856017017226,0
0.09587121247433264,0.43288095764879647,1
-0.0653735430684175,-1.0914445238610662,0
0.7329964968065028,0.7255380303689736,0
0.8238322096697086,0.7840029170958596,0
-0.5187256527083385,0.2743795374049335,1
1.0619378895244407,0.32892439007901203,0
-0.0425964544139467,0.9685336011505803,0
0.712673737416711,-0.5213251210930857,0
0.9085090347791324,-0.6884698861083222,0
-0.34270170798399247,-0.16924595320794558,1
-0.06411964911249876,0.37590638349582306,1
1.121813075526219,-0.03904302289861314,0
-0.06783893857203493,-0.48747121805816435,1
0.41790279190357965,-0.35031901671323845,1
0.3559048301862772,0.8728163860100703,0
0.8769255138322083,0.5084913156464432,0
0.7740279950561002,-0.6819435937521447,0
0.14941973963924832,-0.513431510178443,1
-0.830195701293636,-0.6699847033538904,0
-0.014564963484740845,0.9400129077078421,0
-0.6556628989549949,-0.7527763769606871,0
-0.8895100250579208,0.08142619865599865,0
0.3101692274180569,0.47864290277726707,1
-0.3936044894113686,-0.2595498329731819,1
-0.2664289482120219,-0.532852499919365,1
-0.762490198376241,-0.329846181715834,0
-0.12191832018707001,0.3175350208565662,1
-1.1240458236229485,0.6049924979091235,0
0.2238282688509699,0.9520066803480786,0
0.23744318910782186,-0.35090323719200167,1
-0.8372025024797813,-0.5388615893742275,0
-0.14823201759664056,0.39500955474633925,1
1.0017538932360974,0.22597513983326495,0
0.6512506645683445,-0.6811467192728288,0
0.34744047236050896,0.23544969451539172,1
-0.15012852173628474,0.5068089394301952,1
-0.1196719118631277,0.9266816882066704,0
-0.6936885155460335,0.49986440944801014,0
-0.24804837024242057,0.2759440054976978,1
1.0809676823554393,0.21778221790397115,0
-0.5350282086353739,-0.09081847481672284,1
-1.149613126972366,-0.04701743312159136,0
-0.49846087672990647,-0.12301861732499599,1
-1.0138195490875896,-0.09537206602144799,0
0.4107542935727776,-0.4419375065304554,1
-0.5295765458824576,-0.04453980734897818,1
-0.43831759918996366,-0.955121819662797,0
-0.8409676570048708,0.5766902855171221,0
-0.10448608140572108,-0.5754412542806959,1
0.5808739687161875,0.05155277706866934,1
-0.18463584879305575,-0.39675146670096173,1
-0.3571880168914966,0.3037104151345149,1
-1.1355938065965914,0.03611434734049672,0
0.3495182179858896,-1.0679062091177416,0
0.17212072855923863,0.9997715499894747,0
0.40908991432998587,-0.0848481296679059,1
0.7985374604175343,0.8576654942469815,0
0.2575080948867942,-0.3778919658775055,1
-0.8798628562463163,-0.4360133563800259,0
-0.37227208491844543,-0.3622319120232996,1
-0.8906094177121981,0.4226351876529949,0
0.5921249899217302,0.02584553695605145,1
-0.32723468632326663,0.21618143605870646,1
0.3294758897090575,0.9472644319992064,0
-0.515000150959566,-0.04733807456987844,1
0.4773453027217797,0.9249195270056817,0
-0.7618171187995766,-0.7755552695327926,0
0.4272402839811771,-0.3600679384649996,1
0.8596055696467367,0.5953759571262046,0
-0.8129017339322702,0.2831556714941299,0
0.31245083338288643,0.9684306056465883,0
-0.4872872681565181,0.25846220060361746,1
0.6747539893088005,-0.5321882843391523,0
0.7552121498261148,0.6973291119110969,0
-1.0733215290054594,0.32595830647450813,0
-0.3607423875638993,0.22321888812850976,1
0.2706223430307102,-0.40739001663585256,1
0.08414635378665015,-0.9859063456005749,0
-0.1662637744221151,1.0101611816742824,0
-0.11872439603273732,0.3227019603905972,1
-0.4670627085182921,-0.550427375921599,1
0.942631558646677,0.4770963636472576,0
0.2726620422591643,0.46885752675701375,1
1.0069993838142282,-0.36685133888275256,0
0.5455398247128831,-0.14496445897629168,1
-0.004471434670155983,1.0787755669858177,0
0.7937707172449695,0.5143259565459404,0
-0.33397297615492094,0.1460451122042848,1
-0.34025499515800395,0.46575324822776365,1
-0.8341825604776391,0.41021111833039486,0
-0.30792235015279096,-0.9683813746007127,0
0.025002244242120837,-0.41439842650247416,1
0.6613239865622678,0.923402446335804,0
-0.4243685518389028,-0.27697715091880426,1
-0.576498374415675,-0.12210998126249178,1
0.14266432578973354,-0.45502579955485456,1
0.9653018316819417,0.4489121235947332,0
-0.9368033512189167,0.47572007240342684,0
-0.9849275201009271,-0.2731169431636261,0
0.13477963023454714,0.4456457787198814,1
1.0280004326348302,0.31924132161133,0
0.7838144575035524,-0.5296969485547818,0
-0.042283285906143685,0.5390085606206803,1
-0.9710217650238184,0.25945132070691196,0
-0.6749693497499671,0.751550830609634,0
0.06931351467756217,0.7618105270661795,0
-0.5752512342984912,0.26247671197150935,1
0.9991943999904641,0.12036195988994706,0
0.5487461076442799,-0.02000117547855268,1
1.0233416326143283,0.48402708834451197,0
0.29848988358005635,0.32326077262190644,1
0.08088600887207628,1.1284760920814871,0
-1.122715802128672,-0.5419774214168099,0
-0.21446464843556884,-0.3690386577003084,1
-0.47138536552216215,0.6266839199976968,0
-0.6380831973456303,-0.9246075211325653,0
0.22871941696635423,0.37768449703402246,1
-0.36869802199050555,-0.050352259922671345,1
-0.2811874730236432,0.3704185337225581,1
0.29486354346609206,0.9956737608934928,0
0.42510004901826426,-0.9208802120514386,0
0.3539360142028243,0.8626339397744343,0
-0.4545888391327667,-0.343636575592085,1
0.3920757029241321,0.8739070819638437,0
-0.6822453901319021,0.03867600307800144,1
0.09401471873351333,0.3435368585674189,1
-0.24558400667536215,-0.8439391595944289,0
-0.6790013057185903,-0.7057694868191976,0
0.5758042239250052,0.07995115782893969,1
-0.6666718065758177,-0.6330019993091259,0
-0.6007010175238796,0.9428518813938058,0
-0.43507596796364123,-0.32800328428085956,1
-0.055081570036468824,0.9533641006966858,0
-0.3493110625956615,-0.5243060741959202,1
-0.4046737176685868,0.01033516343854024,1
0.37007019192563523,1.0127991733390282,0
0.08772291505113926,-0.7582241070178972,1
0.26799845877519635,-0.35454953083777907,1
0.29946924907644024,1.0729291696516263,0
0.15676149313661455,0.5273425161275955,1
-0.5648621524942868,-0.2997438377250945,1
-0.3125017692486539,-0.36633541889074034,1
0.2607662062229389,-0.2950760762726924,1
-0.2199571106330442,-0.39634799794319864,1
-0.18453276647283837,-0.3367105541071982,1
0.5315664636064399,0.07506225264355552,1
-0.39525143897824044,0.44110470098956933,1
0.26746853510698354,0.8772176022585496,0
-0.17064541619315549,-0.2357242011656642,1
-0.8592410267401279,0.41079594709678496,0
-0.23217003805384698,0.9846780519093492,0
-0.6407472271796668,-0.6949508618971719,0
0.33525634353280404,0.08910280649251895,1
-0.972749558220463,0.1956914519517549,0
-0.49483204031133965,0.0697193624783477,1
-0.367731038698496,0.40551653674622223,1
-1.0205947647575309,-0.16616174890088867,0
-1.2212585910911415,0.05435645610893637,0
-0.8244636972101328,0.4641035173392152,0
0.4247611358366516,-0.44550259607636106,1
-0.24221924981806958,0.4190093295980548,1
0.045596042357022706,0.6386014994125578,1
-0.5724739057031905,-0.9616598053793478,0
0.4620025686054289,0.06439499264133886,1
0.9650083746599722,-0.47012188177067044,0
0.4953227090107685,-0.16163284759649338,1
-0.8863242919416757,0.04775092410739906,0
-0.772379229054317,0.5297026783174428,0
0.5211779357195885,0.10391208232752995,1
-0.7006321518669908,-0.7087994611427357,0
-0.9837797825723816,0.08135127408202122,0
0.06309812156639277,-0.35324474740258105,1
0.7908540643428472,0.33156506389977125,0
0.3642995896657817,0.30481043070264063,1
0.46800537146605986,0.368949838698555,1
0.5774026865179432,0.796548019202355,0
0.7756811421517652,-0.44421923847361316,0
-0.8815193408434518,0.8492220533892801,0
0.26749617675721427,-0.9308554756384303,0
-0.15680530645129004,-0.3561426954246517,1
1.218174962292061,-0.3187489572688238,0
-0.6609643617795019,0.5890289110676152,0
0.2533153059381593,0.29707818826384524,1
0.24805627256456156,-0.3380697028006255,1
-0.2886496389404736,-0.11063460373215223,1
0.4059087199083827,0.4559136510939228,1
1.1960779514799467,0.0017756649322201723,0
0.9635957224505992,-0.128153291778692,0
-0.283805971280031,0.17114592666188216,1
0.832151105936471,0.016546140298967726,0
-0.7881680363966729,-0.5031942458899309,0
-0.05176540156668738,-0.48357134663075235,1
0.7604174806509473,0.763164167253509,0
0.526703155639769,0.03056871554869113,1
0.2383783066282775,0.9377592922438411,0
0.9746249895869554,-0.1681019312937484,0
-0.8672783537231354,-0.4813792528211417,0
0.4957871201507367,0.25107285129190765,1
0.43151118172404923,-0.27262431602342624,1
-0.4345815772099422,-0.20625638787773146,1
0.08657422749745636,-1.1830857180603436,0
0.07985988903969031,0.3589043858109765,1
-0.27116981906446747,0.4554622382801032,1
-1.1235550176485334,-0.30405027187528955,0
-0.9647587721945626,-0.2827294287425259,0
0.36997704265814424,0.2999689101405384,1
-0.03193283054797996,0.32252418168543745,1
-0.3166642070813635,0.2673351436396989,1
-0.834100781656661,0.13894888053833138,0
0.35374391310019404,-0.7682913803805616,0
-0.5136098787104926,0.006821059879431102,1
-0.21984002521304333,0.303883529644646,1
0.4649183252068469,0.03957784740056909,1
-0.6279123857425299,0.8521614739644316,0
-1.0470677491481037,0.07589084178060329,0
-0.1243726515075777,-0.48112656513954566,1
-0.9201709700553651,-0.4711463658505075,0
0.3753513080722467,-0.38125741778304056,1
-0.41993162028972,0.7400542876991538,0
-0.6213286091866431,-0.7674174139423681,0
0.6722192437687038,0.8475299094310238,0
-0.968517772409306,-0.65327022951184,0
-0.20754089480618432,0.45585852475024263,1
0.0746887898236593,0.646003558215571,1
0.26417142318095865,-1.077779350231243,0
0.5993561852821424,-0.19269798223534765,1
-0.47745599216546786,0.042661919585905886,1
0.40588317024053566,0.7775532358890873,0
0.6872657197110881,0.7789793354336642,0
-0.019821597711463468,-0.471554378702696,1
-0.4870248877097221,-0.08529615092928486,1
0.9685798097872188,-0.16872426962920484,0
-0.7345248193923251,0.6012856044217137,0
0.49050547534826694,-0.058591223312993546,1
-0.5022706619553529,0.0589363686888877,1
-0.42959141565439374,0.9864782072202666,0
0.34317629776575975,0.2784858327557131,1
-0.11219150817311918,0.8106842390813016,0
0.40109733305099154,-0.17273151948549842,1
-0.5972194613124077,0.11106643457551442,1
0.3692848613678029,0.1575134886744895,1
0.0010118207899898896,1.021623183642536,0
-0.2751842264777272,-0.8773755054431094,0
0.2949598279934868,0.34650082617075534,1
-0.6484385893502674,0.7579353213731631,0
0.3796247559657392,0.1946701513756309,1
-0.552073865052933,0.29356491458034834,1
0.28163272480287765,0.47693285979697153,1
0.10276959329045952,-0.5288384365944429,1
0.11137003402628758,0.921248264070555,0
-0.8972826492152396,0.07662444299669037,0
0.061835642360595265,-0.5118491094460556,1
-0.5371630179906481,0.3103860040329585,1
-0.8332183858913724,-0.5330524176285822,0
-1.0534449943952242,0.3307774126403455,0
-0.8383382183777031,0.7665168007149399,0
0.013583568516290107,-1.0797674252371057,0
-0.1732606456463072,0.9485022296424259,0
-0.2714328695074648,-0.4853383146676281,1
-0.42841087165294955,-0.05246189090589593,1
1.0900469661678502,0.12031944965745782,0
1.1139147587677292,0.2675749567002085,0
0.10700169686586383,0.43516452253799326,1
-0.2000468603818037,-0.5533035819297127,1
